Row Labels,Average of Sale Amount,Average of Assessed Value,,Sum of Sale Amount,Column Labels,,,,,,
***Unknown***,"$282,450.00","$66,540.00",,Row Labels,Condo,Four Family,Not Applicable,Single Family,Three Family,Two Family,Grand Total
Andover,"$220,091.49","$135,509.51",,***Unknown***,,,,"$282,450.00",,,"$282,450.00"
Ansonia,"$212,104.70","$133,075.21",,Andover,,,"$68,574,698.00","$125,766,134.95",,"$1,320,500.00","$195,661,332.95"
Ashford,"$206,041.62","$124,774.59",,Ansonia,"$14,484,131.00","$11,101,450.00","$378,898,147.05","$418,798,025.92","$37,898,825.00","$156,073,584.00","$1,017,254,162.97"
Avon,"$470,490.06","$298,330.21",,Ashford,"$1,645,050.00",,"$143,801,233.00","$136,277,711.00","$126,000.00","$3,517,653.03","$285,367,647.03"
Barkhamsted,"$223,254.95","$140,135.86",,Avon,"$408,655,978.00",,"$1,367,911,222.00","$1,750,990,269.59","$576,000.00","$542,000.00","$3,528,675,469.59"
Beacon Falls,"$277,363.97","$140,744.10",,Barkhamsted,,,"$89,435,303.66","$157,368,479.50","$695,000.00","$1,877,000.00","$249,375,783.16"
Berlin,"$294,715.84","$222,812.32",,Beacon Falls,"$136,029,055.00",,"$198,147,352.00","$186,257,024.00","$590,000.00","$3,194,472.00","$524,217,903.00"
Bethany,"$306,465.94","$200,084.66",,Berlin,"$236,823,398.90","$695,000.00","$703,722,227.29","$804,763,376.17","$2,628,299.00","$28,504,218.00","$1,777,136,519.36"
Bethel,"$361,418.56","$236,513.19",,Bethany,"$1,146,000.00",,"$182,607,808.00","$340,623,816.00","$265,000.00","$640,000.00","$525,282,624.00"
Bethlehem,"$302,075.33","$183,117.34",,Bethel,"$418,872,595.00","$2,105,000.00","$792,098,423.00","$895,972,226.00","$4,432,200.00","$56,476,589.00","$2,169,957,033.00"
Bloomfield,"$350,737.64","$195,266.70",,Bethlehem,"$2,021,457.00","$185,000.00","$95,703,390.00","$188,581,074.00",,"$5,313,849.00","$291,804,770.00"
Bolton,"$262,202.97","$166,216.91",,Bloomfield,"$186,593,222.00",,"$1,196,365,820.00","$725,558,366.00",,"$2,572,450.00","$2,111,089,858.00"
Bozrah,"$226,019.09","$138,764.71",,Bolton,"$398,500.00",,"$125,678,948.00","$259,485,648.00",,"$1,972,900.00","$387,535,996.00"
Branford,"$321,903.73","$202,672.05",,Bozrah,,,"$57,429,429.00","$72,571,360.00",,"$1,316,300.00","$131,317,089.00"
Bridgeport,"$202,360.33","$314,474.06",,Branford,"$559,569,222.00","$2,845,422.00","$972,884,126.00","$1,412,519,358.00","$12,317,150.00","$60,609,336.00","$3,020,744,614.00"
Bridgewater,"$593,723.45","$366,405.48",,Bridgeport,"$522,212,149.00","$81,181,052.00","$3,861,735,205.00","$1,772,408,758.00","$480,750,164.00","$665,031,702.00","$7,383,319,030.00"
Bristol,"$206,544.64","$123,616.81",,Bridgewater,"$3,379,227.00",,"$105,261,648.23","$248,186,919.00",,,"$356,827,794.23"
Brookfield,"$414,025.14","$269,730.89",,Bristol,"$265,199,562.00","$11,955,231.00","$1,616,239,933.00","$1,663,027,391.43","$98,836,937.00","$127,192,993.00","$3,782,452,047.43"
Brooklyn,"$206,156.45","$120,130.78",,Brookfield,"$246,591,485.00","$1,000,000.00","$1,045,011,913.00","$1,075,084,208.00","$405,000.00","$3,029,350.00","$2,371,121,956.00"
Burlington,"$313,310.09","$188,904.91",,Brooklyn,"$14,040,785.00","$2,320,900.00","$181,108,863.00","$341,006,025.00","$1,783,465.00","$3,786,842.00","$544,046,880.00"
Canaan,"$281,078.09","$178,703.23",,Burlington,"$14,700,104.00","$556,500.00","$298,164,304.00","$736,358,195.00","$395,000.00","$5,367,600.00","$1,055,541,703.00"
Canterbury,"$187,712.19","$118,131.04",,Canaan,,"$42,870.00","$45,532,503.00","$86,841,640.34",,"$814,000.00","$133,231,013.34"
Canton,"$315,674.05","$192,459.38",,Canterbury,"$24,000.00","$190,000.00","$97,135,309.00","$178,237,103.00","$228,000.00","$1,436,500.00","$277,250,912.00"
Chaplin,"$172,787.12","$109,177.08",,Canton,"$113,526,306.00","$1,657,000.00","$461,533,913.55","$654,152,160.71","$1,516,000.00","$15,474,150.00","$1,247,859,530.26"
Cheshire,"$362,128.90","$220,949.23",,Chaplin,"$1,363,840.00","$395,000.00","$42,875,033.00","$64,781,318.00",,"$995,777.00","$110,410,968.00"
Chester,"$346,592.14","$220,195.54",,Cheshire,"$277,672,813.91",,"$1,179,959,317.00","$1,518,868,526.74","$239,000.00","$4,305,425.00","$2,981,045,082.65"
Clinton,"$294,588.79","$185,333.25",,Chester,"$6,872,200.00","$365,000.00","$159,829,263.00","$219,072,097.00","$455,000.00","$2,976,000.00","$389,569,560.00"
Colchester,"$247,477.75","$142,873.33",,Clinton,"$78,045,810.00","$1,299,000.00","$525,071,228.00","$825,549,558.84","$1,858,412.00","$10,482,697.00","$1,442,306,705.84"
Colebrook,"$225,337.43","$158,212.17",,Colchester,"$69,629,153.00","$3,197,000.00","$445,743,387.00","$567,590,910.00","$2,068,500.00","$10,324,788.00","$1,098,553,738.00"
Columbia,"$240,773.60","$146,217.89",,Colebrook,,,"$42,417,709.00","$84,171,456.00",,"$1,402,497.00","$127,991,662.00"
Cornwall,"$367,450.10","$263,308.22",,Columbia,"$2,165,875.00",,"$162,153,019.00","$228,112,214.13","$300,000.00","$1,174,500.00","$393,905,608.13"
Coventry,"$211,982.93","$131,456.60",,Cornwall,"$620,000.00",,"$85,345,033.00","$139,374,326.27",,"$275,000.00","$225,614,359.27"
Cromwell,"$277,208.86","$169,219.75",,Coventry,"$32,360,426.00","$685,000.00","$292,132,856.00","$588,027,570.00","$683,600.00","$14,807,750.00","$928,697,202.00"
Danbury,"$404,728.32","$230,702.50",,Cromwell,"$296,078,374.00","$1,510,000.00","$698,998,528.00","$495,321,530.00","$1,750,572.00","$11,585,082.00","$1,505,244,086.00"
Darien,"$1,574,388.04","$973,130.34",,Danbury,"$1,676,881,431.00","$25,734,863.00","$4,775,984,666.00","$2,097,491,414.32","$93,086,589.00","$201,656,361.00","$8,870,835,324.32"
Deep River,"$284,284.09","$200,988.96",,Darien,"$343,200,340.00",,"$2,812,300,006.00","$7,826,313,184.00",,"$7,415,000.00","$10,989,228,530.00"
Derby,"$198,797.62","$124,491.26",,Deep River,"$23,691,180.00","$450,000.00","$130,020,745.00","$227,051,585.00","$365,000.00","$2,489,300.00","$384,067,810.00"
Durham,"$291,285.73","$188,550.01",,Derby,"$106,105,058.00","$6,623,100.00","$266,080,916.00","$248,993,481.00","$14,453,427.00","$64,867,147.00","$707,123,129.00"
East Granby,"$298,564.66","$182,584.24",,Durham,"$17,996,660.00",,"$209,974,099.00","$368,082,555.00",,"$1,665,000.00","$597,718,314.00"
East Haddam,"$251,877.51","$146,147.84",,East Granby,"$60,011,628.00","$315,000.00","$242,019,476.00","$305,678,260.00",,"$1,346,100.00","$609,370,464.00"
East Hampton,"$236,317.66","$144,154.78",,East Haddam,"$15,717,069.00",,"$308,057,550.00","$537,550,596.00","$4,310,500.00","$13,668,667.00","$879,304,382.00"
East Hartford,"$187,724.68","$132,562.28",,East Hampton,"$74,849,682.00","$742,500.00","$460,300,547.29","$679,759,891.28","$1,732,580.00","$13,357,160.00","$1,230,742,360.57"
East Haven,"$234,837.02","$144,154.70",,East Hartford,"$120,702,468.00","$16,703,315.00","$1,265,971,560.00","$1,043,929,955.44","$30,838,453.00","$99,689,613.00","$2,577,835,364.44"
East Lyme,"$342,297.49","$209,685.90",,East Haven,"$205,127,244.79","$924,500.00","$1,098,856,202.12","$785,891,604.85","$4,425,000.00","$38,269,779.00","$2,133,494,330.76"
East Windsor,"$245,836.92","$141,670.00",,East Lyme,"$226,354,552.67","$355,000.00","$863,338,544.00","$1,138,719,182.87","$510,000.00","$14,482,795.00","$2,243,760,074.54"
Eastford,"$209,419.44","$106,936.93",,East Windsor,"$136,656,321.00","$1,080,500.00","$489,142,597.00","$344,174,574.00","$2,784,500.00","$12,459,217.00","$986,297,709.00"
Easton,"$638,713.30","$424,295.86",,Eastford,"$4,499,100.00",,"$57,989,100.00","$64,279,979.00","$140,000.00",,"$126,908,179.00"
Ellington,"$264,535.05","$158,068.16",,Easton,"$3,144,500.00",,"$428,105,521.00","$1,150,721,527.79",,"$760,000.00","$1,582,731,548.79"
Enfield,"$246,205.61","$161,914.74",,Ellington,"$117,135,962.00","$685,000.00","$432,575,110.00","$689,348,719.00","$2,515,000.00","$13,488,075.00","$1,255,747,866.00"
Essex,"$458,877.22","$279,319.36",,Enfield,"$192,296,260.00","$6,536,520.00","$1,367,110,228.60","$1,071,870,673.23","$7,998,563.00","$36,844,028.00","$2,682,656,272.83"
Fairfield,"$726,074.36","$469,053.08",,Essex,"$68,636,356.00",,"$414,834,503.66","$801,265,030.00","$1,811,500.00","$8,863,000.00","$1,295,410,389.66"
Farmington,"$424,980.60","$278,448.45",,Fairfield,"$747,890,217.36","$5,802,050.00","$3,641,034,976.75","$7,850,417,939.21","$9,657,111.00","$134,204,588.00","$12,389,006,882.32"
Franklin,"$226,318.96","$144,743.25",,Farmington,"$602,928,508.22","$2,586,000.00","$1,734,422,791.00","$1,614,155,863.48","$6,480,200.00","$15,120,150.00","$3,975,693,512.70"
Glastonbury,"$414,812.72","$267,598.27",,Franklin,,,"$72,810,002.00","$65,199,566.00",,"$45,000.00","$138,054,568.00"
Goshen,"$345,631.87","$223,278.25",,Glastonbury,"$460,541,278.00","$3,526,500.00","$2,144,693,281.00","$2,550,257,351.00","$3,144,000.00","$30,878,065.00","$5,193,040,475.00"
Granby,"$308,538.40","$178,486.97",,Goshen,"$2,061,000.00","$172,500.00","$200,148,534.00","$372,120,083.00",,"$1,320,585.00","$575,822,702.00"
Greenwich,"$2,071,224.81","$2,480,684.22",,Granby,"$62,274,655.00",,"$432,602,541.00","$654,157,559.00","$530,000.00","$1,592,000.00","$1,151,156,755.00"
Griswold,"$184,954.62","$112,860.68",,Greenwich,"$2,330,296,509.62","$32,735,000.00","$10,541,227,544.00","$22,563,283,212.66","$94,501,514.00","$456,555,642.00","$36,018,599,422.28"
Groton,"$305,179.85","$192,724.22",,Griswold,"$46,309,138.00","$3,637,778.00","$282,664,224.00","$329,357,888.22","$2,200,250.00","$16,833,631.00","$681,002,909.22"
Guilford,"$452,224.85","$275,544.97",,Groton,"$190,350,996.00","$10,643,100.00","$1,366,399,451.00","$1,322,031,463.00","$5,857,099.00","$59,774,393.00","$2,955,056,502.00"
Haddam,"$278,472.53","$180,999.33",,Guilford,"$189,120,191.00","$360,000.00","$1,181,217,968.00","$2,013,679,647.49","$512,748.00","$7,700,240.00","$3,392,590,794.49"
Hamden,"$272,020.96","$250,701.77",,Haddam,"$2,530,500.00",,"$216,347,354.00","$459,569,271.15","$1,247,000.00","$4,234,415.00","$683,928,540.15"
Hampton,"$191,024.03","$115,543.03",,Hamden,"$395,269,442.00","$9,106,320.00","$2,214,013,419.00","$2,013,756,585.00","$40,197,808.00","$87,479,158.00","$4,759,822,732.00"
Hartford,"$263,442.14","$138,677.71",,Hampton,,"$205,450.00","$46,123,291.00","$74,806,737.00",,"$1,119,900.00","$122,255,378.00"
Hartland,"$203,434.22","$135,547.81",,Hartford,"$235,073,638.00","$9,432,157.00","$3,635,166,328.00","$525,604,297.00","$309,895,962.00","$240,174,334.00","$4,955,346,716.00"
Harwinton,"$254,909.17","$159,458.57",,Hartland,,,"$28,004,011.00","$71,068,453.00",,,"$99,072,464.00"
Hebron,"$264,294.24","$165,032.96",,Harwinton,"$3,754,759.00",,"$132,703,869.00","$272,405,502.00",,"$520,000.00","$409,384,130.00"
Kent,"$441,787.42","$250,860.52",,Hebron,"$26,958,487.00","$221,400.00","$286,036,519.00","$399,556,973.00",,"$2,935,425.00","$715,708,804.00"
Killingly,"$191,572.86","$113,042.12",,Kent,"$23,775,969.00",,"$218,520,546.00","$349,115,963.00","$455,000.00","$2,336,600.00","$594,204,078.00"
Killingworth,"$328,307.99","$210,270.01",,Killingly,"$62,523,583.00","$7,949,470.00","$557,855,717.00","$613,385,243.00","$15,673,028.00","$41,093,822.00","$1,298,480,863.00"
Lebanon,"$203,896.44","$124,353.80",,Killingworth,"$950,000.00",,"$232,368,419.00","$400,653,331.00",,"$1,632,525.00","$635,604,275.00"
Ledyard,"$223,592.67","$143,768.21",,Lebanon,"$163,500.00","$230,000.00","$168,154,288.00","$329,664,595.00","$203,000.00","$2,762,061.00","$501,177,444.00"
Lisbon,"$200,463.63","$132,223.10",,Ledyard,"$32,081,822.00",,"$343,649,316.00","$711,700,153.00","$345,000.00","$1,120,000.00","$1,088,896,291.00"
Litchfield,"$374,996.42","$219,767.39",,Lisbon,"$309,800.00",,"$94,492,737.00","$136,108,971.54",,"$1,626,300.00","$232,537,808.54"
Lyme,"$524,290.45","$340,678.34",,Litchfield,"$78,501,014.00","$290,000.00","$377,937,402.00","$599,197,154.00","$12,040,000.00","$14,649,100.00","$1,082,614,670.00"
Madison,"$534,708.55","$352,972.71",,Lyme,"$1,158,000.00",,"$137,575,231.00","$351,027,628.00",,"$975,000.00","$490,735,859.00"
Manchester,"$262,830.80","$157,806.60",,Madison,"$204,763,840.00",,"$989,394,816.00","$2,203,763,010.00","$245,000.00","$2,045,000.00","$3,400,211,666.00"
Mansfield,"$273,098.28","$152,348.27",,Manchester,"$186,476,947.04","$20,276,176.00","$2,589,072,065.10","$1,352,417,581.15","$11,997,783.00","$144,927,983.06","$4,305,168,535.35"
Marlborough,"$289,456.95","$186,849.79",,Mansfield,"$117,781,299.00","$2,428,571.00","$555,722,667.00","$476,269,975.00","$902,000.00","$22,037,368.00","$1,175,141,880.00"
Meriden,"$193,836.51","$126,372.95",,Marlborough,"$13,622,450.00",,"$168,769,460.00","$331,534,746.50",,"$2,753,999.00","$516,680,655.50"
Middlebury,"$380,190.16","$231,872.20",,Meriden,"$238,880,541.00","$10,134,533.00","$1,750,530,636.00","$1,203,246,464.75","$58,586,394.00","$111,764,315.72","$3,373,142,884.47"
Middlefield,"$259,046.49","$155,853.02",,Middlebury,"$157,323,757.22","$925,000.00","$306,834,892.00","$382,165,667.00",,"$9,699,300.00","$856,948,616.22"
Middletown,"$259,461.37","$155,603.14",,Middlefield,"$21,830,773.00","$319,000.00","$98,265,826.00","$180,656,967.00","$175,000.00","$4,168,250.00","$305,415,816.00"
Milford,"$344,609.48","$224,157.31",,Middletown,"$338,169,586.00","$15,361,199.00","$1,628,405,680.00","$1,328,534,214.00","$25,798,590.00","$96,145,238.00","$3,432,414,507.00"
Monroe,"$396,646.54","$244,433.49",,Milford,"$550,884,674.13","$590,000.00","$2,994,192,373.08","$2,474,021,717.41","$6,830,922.00","$53,425,295.00","$6,079,944,981.62"
Montville,"$215,565.36","$123,648.09",,Monroe,"$196,653,313.00",,"$880,612,456.00","$1,431,342,046.00","$1,790,500.00","$1,564,200.00","$2,511,962,515.00"
Morris,"$325,998.71","$213,837.37",,Montville,"$16,066,820.00","$1,661,000.00","$568,042,123.00","$585,830,473.00","$1,114,780.00","$9,229,697.00","$1,181,944,893.00"
Naugatuck,"$189,459.77","$114,716.18",,Morris,"$1,548,000.00",,"$90,091,425.00","$196,543,431.00",,,"$288,182,856.00"
New Britain,"$188,935.19","$128,293.98",,Naugatuck,"$99,392,830.00","$8,066,750.00","$731,636,150.00","$931,777,020.00","$26,498,414.00","$61,418,627.00","$1,858,789,791.00"
New Canaan,"$1,532,645.45","$1,123,879.43",,New Britain,"$138,856,226.00","$22,505,221.00","$1,673,975,810.00","$919,504,017.00","$253,466,311.00","$304,859,878.00","$3,313,167,463.00"
New Fairfield,"$385,345.32","$237,218.44",,New Canaan,"$713,419,103.00","$2,530,000.00","$2,357,719,721.00","$7,141,836,833.00","$3,392,802.00","$49,826,063.00","$10,268,724,522.00"
New Hartford,"$244,542.16","$158,127.31",,New Fairfield,"$16,150,946.00","$450,000.00","$537,967,979.00","$1,154,247,974.00","$565,356.00","$2,707,000.00","$1,712,089,255.00"
New Haven,"$285,613.44","$173,168.32",,New Hartford,"$13,298,131.00",,"$213,584,234.00","$358,224,695.71","$1,168,320.00","$6,739,357.00","$593,014,737.71"
New London,"$263,858.61","$152,196.49",,New Haven,"$491,888,572.00","$81,789,003.00","$3,736,872,812.00","$1,185,758,116.00","$448,570,256.00","$506,843,175.00","$6,451,721,934.00"
New Milford,"$310,170.24","$189,979.45",,New London,"$323,055,801.00","$28,670,695.00","$864,345,688.00","$448,813,305.00","$35,073,787.00","$108,527,663.00","$1,808,486,939.00"
Newington,"$276,457.42","$156,459.84",,New Milford,"$204,211,837.00","$4,588,384.00","$1,214,106,547.00","$1,434,096,768.06","$6,986,196.00","$12,839,210.00","$2,876,828,942.06"
Newtown,"$464,768.20","$270,309.61",,Newington,"$448,122,394.00","$9,000,000.00","$1,235,884,794.00","$967,091,793.00","$1,717,000.00","$12,080,189.00","$2,673,896,170.00"
Norfolk,"$320,984.99","$202,863.94",,Newtown,"$178,057,151.00",,"$1,711,580,186.00","$2,173,837,234.50","$292,000.00","$2,025,607.00","$4,065,792,178.50"
North Branford,"$279,961.74","$173,923.23",,Norfolk,"$4,143,611.00",,"$87,276,448.00","$131,627,466.00","$315,000.00","$1,647,950.00","$225,010,475.00"
North Canaan,"$194,202.34","$132,403.97",,North Branford,"$64,809,763.00",,"$286,525,934.00","$501,902,840.83",,"$3,724,336.00","$856,962,873.83"
North Haven,"$380,351.52","$271,513.15",,North Canaan,"$4,509,190.00","$206,000.00","$93,454,955.00","$96,198,140.00","$1,174,508.00","$2,932,000.00","$198,474,793.00"
North Stonington,"$258,131.58","$165,961.96",,North Haven,"$146,345,996.00","$275,000.00","$1,236,010,645.00","$1,269,061,315.00","$1,552,500.00","$3,129,546.00","$2,656,375,002.00"
Norwalk,"$604,375.69","$469,724.75",,North Stonington,"$1,033,250.00",,"$205,426,856.00","$239,531,140.00","$2,093,497.00","$2,613,000.00","$450,697,743.00"
Norwich,"$187,810.00","$116,169.92",,Norwalk,"$1,777,682,345.00","$182,837,607.00","$7,046,790,875.00","$5,975,267,825.67","$55,328,500.00","$390,595,410.00","$15,428,502,562.67"
Old Lyme,"$388,802.25","$254,422.05",,Norwich,"$183,897,696.00","$22,344,936.00","$1,286,737,682.00","$784,748,824.00","$33,401,322.00","$101,289,006.00","$2,412,419,466.00"
Old Saybrook,"$443,683.72","$291,851.29",,Old Lyme,"$26,835,700.00","$275,000.00","$381,146,624.00","$913,419,321.00","$900,000.00","$1,295,000.00","$1,323,871,645.00"
Orange,"$558,038.62","$314,940.75",,Old Saybrook,"$131,852,906.00",,"$691,046,996.00","$1,199,040,694.00","$835,000.00","$5,302,700.00","$2,028,078,296.00"
Oxford,"$354,638.12","$246,254.49",,Orange,"$100,683,720.00",,"$1,155,469,619.00","$792,181,568.00",,"$1,899,000.00","$2,050,233,907.00"
Plainfield,"$208,140.66","$123,849.41",,Oxford,"$221,754,690.25",,"$622,632,753.00","$653,997,558.00",,"$5,989,900.00","$1,504,374,901.25"
Plainville,"$212,542.73","$127,410.09",,Plainfield,"$27,209,278.00","$9,230,813.00","$515,948,799.00","$443,992,748.00","$5,233,075.00","$39,921,153.00","$1,041,535,866.00"
Plymouth,"$167,436.81","$113,276.93",,Plainville,"$164,481,374.00","$2,130,100.00","$590,881,572.00","$465,422,403.00","$9,347,450.00","$25,777,499.00","$1,258,040,398.00"
Pomfret,"$246,802.35","$161,632.70",,Plymouth,"$19,085,640.00","$1,209,800.00","$245,567,168.00","$323,404,741.00","$7,437,576.68","$14,439,447.00","$611,144,372.68"
Portland,"$246,900.14","$152,290.60",,Pomfret,"$649,500.00",,"$118,820,646.00","$182,195,657.00","$455,000.00","$2,186,500.00","$304,307,303.00"
Preston,"$197,310.90","$360,371.57",,Portland,"$54,375,106.00","$4,993,750.00","$318,625,748.00","$458,874,232.00","$3,564,750.00","$16,062,999.00","$856,496,585.00"
Prospect,"$277,649.74","$169,307.42",,Preston,"$446,502.00",,"$123,096,083.26","$214,686,684.42","$187,727.00","$168,500.00","$338,585,496.68"
Putnam,"$185,089.95","$115,030.58",,Prospect,"$129,804,312.00",,"$243,990,391.00","$376,646,201.00",,"$324,000.00","$750,764,904.00"
Redding,"$634,758.67","$405,322.53",,Putnam,"$71,174,235.00","$7,657,853.00","$269,277,119.00","$243,449,919.00","$12,918,239.00","$27,604,807.00","$632,082,172.00"
Ridgefield,"$750,112.75","$486,927.69",,Redding,"$22,416,104.00","$404,000.00","$586,627,514.00","$1,097,127,219.72","$4,010,000.00","$16,593,500.00","$1,727,178,337.72"
Rocky Hill,"$692,383.53","$193,888.90",,Ridgefield,"$344,108,260.00","$680,000.00","$2,059,067,301.00","$4,004,586,968.00","$247,400.00","$1,023,500.00","$6,409,713,429.00"
Roxbury,"$746,756.35","$517,641.69",,Rocky Hill,"$2,445,047,309.00",,"$1,100,313,423.00","$512,923,008.40","$435,000.00","$6,957,333.00","$4,065,676,073.40"
Salem,"$230,093.20","$158,827.72",,Roxbury,"$279,000.00",,"$208,415,461.00","$508,938,387.00",,,"$717,632,848.00"
Salisbury,"$576,969.09","$379,789.14",,Salem,"$4,115,321.00",,"$148,648,186.00","$202,438,647.00",,"$1,902,500.00","$357,104,654.00"
Scotland,"$187,255.65","$121,393.88",,Salisbury,"$26,129,450.00","$262,500.00","$300,478,591.00","$605,626,309.00","$410,000.00","$8,706,700.00","$941,613,550.00"
Seymour,"$237,842.71","$154,123.17",,Scotland,,,"$25,676,755.00","$58,851,099.00",,"$1,797,000.00","$86,324,854.00"
Sharon,"$504,268.16","$348,821.25",,Seymour,"$93,683,526.00","$2,574,900.00","$358,418,398.00","$601,040,682.34","$6,272,000.00","$30,184,239.00","$1,092,173,745.34"
Shelton,"$391,279.86","$230,426.62",,Sharon,"$9,908,302.00","$300,000.00","$242,452,761.00","$464,367,361.00",,"$1,553,700.00","$718,582,124.00"
Sherman,"$482,977.38","$309,272.68",,Shelton,"$703,372,256.93","$265,000.00","$2,081,589,746.00","$1,778,901,130.43","$14,240,619.00","$37,168,475.00","$4,615,537,227.36"
Simsbury,"$382,326.51","$264,362.96",,Sherman,,,"$212,138,139.00","$493,024,788.00","$950,000.00",,"$706,112,927.00"
Somers,"$293,148.02","$171,456.94",,Simsbury,"$315,915,005.00","$1,319,000.00","$1,217,737,213.00","$1,465,788,638.70","$828,500.00","$4,262,650.00","$3,005,851,006.70"
South Windsor,"$321,205.20","$187,408.75",,Somers,"$43,018,240.00","$431,109.00","$209,552,512.00","$514,718,234.72","$616,300.00","$3,815,500.00","$772,151,895.72"
Southbury,"$300,499.36","$197,148.06",,South Windsor,"$266,084,464.00","$678,000.00","$1,308,967,953.00","$1,309,177,184.00",,"$3,690,750.00","$2,888,598,351.00"
Southington,"$275,515.98","$173,334.18",,Southbury,"$530,134,018.00","$754,000.00","$1,060,643,272.00","$988,883,512.00","$607,750.00","$30,917,883.00","$2,611,940,435.00"
Sprague,"$179,871.79","$131,729.13",,Southington,"$340,816,516.00","$2,066,000.00","$1,189,067,702.00","$1,934,907,152.00","$5,123,244.00","$62,062,874.00","$3,534,043,488.00"
Stafford,"$146,535.22","$369,472.17",,Sprague,"$1,363,300.00","$1,167,500.00","$53,255,445.00","$78,787,417.00","$1,304,000.00","$12,516,563.00","$148,394,225.00"
Stamford,"$914,814.85","$503,978.56",,Stafford,"$31,865,272.00","$2,178,900.00","$255,757,671.00","$337,081,965.00","$4,121,452.00","$11,551,666.00","$642,556,926.00"
Sterling,"$209,551.51","$104,184.81",,Stamford,"$5,040,878,568.00","$48,771,050.00","$19,615,957,711.00","$6,522,579,654.00","$136,076,152.00","$472,208,338.00","$31,836,471,473.00"
Stonington,"$405,289.17","$291,399.63",,Sterling,"$7,806,151.00","$432,000.00","$151,323,940.00","$151,287,660.00","$824,800.00","$5,376,888.00","$317,051,439.00"
Stratford,"$292,657.83","$504,318.60",,Stonington,"$216,951,624.00","$3,417,475.00","$1,083,429,809.00","$1,384,376,533.00","$23,899,883.00","$56,454,968.00","$2,768,530,292.00"
Suffield,"$332,700.04","$270,564.61",,Stratford,"$824,165,035.00","$1,993,800.00","$1,926,305,821.00","$2,343,199,034.00","$34,046,382.00","$110,913,736.00","$5,240,623,808.00"
Thomaston,"$186,260.95","$116,571.87",,Suffield,"$146,792,996.00","$935,000.00","$633,447,446.63","$802,957,782.80","$2,398,881.00","$15,418,575.00","$1,601,950,681.43"
Thompson,"$180,698.41","$107,897.15",,Thomaston,"$39,095,646.00","$1,159,000.00","$197,985,117.00","$200,052,949.00","$1,103,875.00","$7,629,699.00","$447,026,286.00"
Tolland,"$294,937.62","$174,641.12",,Thompson,"$5,580,550.00","$3,508,799.00","$202,677,900.00","$342,415,068.00","$2,097,500.00","$17,799,043.00","$574,078,860.00"
Torrington,"$165,909.62","$106,911.75",,Tolland,"$31,514,920.00","$580,000.00","$533,433,476.00","$722,640,885.00","$501,000.00","$13,479,299.00","$1,302,149,580.00"
Trumbull,"$464,371.47","$297,179.80",,Torrington,"$154,305,281.00","$6,458,775.00","$1,011,464,753.00","$1,000,185,097.00","$45,599,710.00","$129,275,709.00","$2,347,289,325.00"
Union,"$200,885.40","$117,665.61",,Trumbull,"$206,807,344.00",,"$1,846,699,904.00","$2,432,576,417.67","$1,150,000.00","$19,027,123.00","$4,506,260,788.67"
Vernon,"$215,912.38","$124,657.91",,Union,,,"$23,698,059.00","$33,956,050.00",,,"$57,654,109.00"
Voluntown,"$206,386.84","$124,808.12",,Vernon,"$204,694,274.00","$8,182,400.00","$974,131,318.00","$632,251,088.00","$10,274,794.00","$29,903,532.00","$1,859,437,406.00"
Wallingford,"$293,572.23","$197,962.70",,Voluntown,"$126,800.00",,"$60,898,740.00","$105,288,787.00","$370,218.00","$488,795.00","$167,173,340.00"
Warren,"$555,534.52","$258,993.31",,Wallingford,"$457,091,113.44","$10,088,459.00","$1,516,166,728.00","$1,608,730,311.54","$30,600,448.00","$100,112,425.00","$3,722,789,484.98"
Washington,"$861,932.25","$488,918.69",,Warren,,,"$133,032,211.00","$231,638,965.67",,"$315,000.00","$364,986,176.67"
Waterbury,"$169,966.53","$108,187.24",,Washington,"$16,574,914.00","$7,000,000.00","$512,489,591.00","$945,831,457.50","$2,582,900.00","$5,802,000.00","$1,490,280,862.50"
Waterford,"$271,595.91","$170,415.56",,Waterbury,"$305,159,179.00","$46,091,468.00","$2,835,945,812.00","$1,512,601,548.00","$263,310,920.00","$216,111,092.00","$5,179,220,019.00"
Watertown,"$248,038.34","$152,778.39",,Waterford,"$101,393,115.00","$1,275,000.00","$742,455,531.00","$1,060,696,071.00","$1,234,272.00","$9,055,176.00","$1,916,109,165.00"
West Hartford,"$367,488.47","$213,347.59",,Watertown,"$67,005,132.00","$2,366,100.00","$628,335,481.00","$788,785,177.00","$7,123,007.00","$30,332,660.00","$1,523,947,557.00"
West Haven,"$213,036.56","$147,184.40",,West Hartford,"$592,936,785.00","$1,638,000.00","$3,208,511,446.00","$3,623,626,917.84","$51,885,026.00","$139,437,851.00","$7,618,036,025.84"
Westbrook,"$360,434.20","$234,767.59",,West Haven,"$184,933,339.00","$9,259,600.00","$1,269,635,034.50","$1,090,287,179.42","$64,598,391.00","$138,618,632.00","$2,757,332,175.92"
Weston,"$957,069.27","$606,717.98",,Westbrook,"$39,076,140.00","$1,220,000.00","$366,977,776.90","$509,105,809.00","$1,895,000.00","$9,843,349.00","$928,118,074.90"
Westport,"$1,442,513.03","$865,815.08",,Weston,"$7,732,500.00",,"$1,018,667,469.00","$2,266,875,393.00",,,"$3,293,275,362.00"
Wethersfield,"$268,478.04","$169,877.15",,Westport,"$290,302,384.85",,"$4,635,377,727.00","$8,949,495,587.00","$11,425,617.00","$58,172,100.00","$13,944,773,415.85"
Willington,"$4,426,695.48","$159,032.34",,Wethersfield,"$130,842,289.00","$4,793,450.00","$761,150,759.00","$1,203,808,137.13","$2,208,000.00","$24,080,429.00","$2,126,883,064.13"
Wilton,"$909,361.79","$561,503.93",,Willington,"$8,096,550.00","$530,000.00","$5,182,213,846.00","$477,515,640.00","$194,544,073.00","$2,471,400.00","$5,865,371,509.00"
Winchester,"$198,368.46","$124,552.19",,Wilton,"$214,784,333.50",,"$1,898,113,823.00","$3,001,890,608.73",,"$2,190,000.00","$5,116,978,765.23"
Windham,"$165,742.38","$102,393.14",,Winchester,"$34,863,650.00","$9,901,636.00","$311,341,763.00","$383,957,499.00","$9,149,296.00","$24,026,408.00","$773,240,252.00"
Windsor,"$354,666.89","$189,476.97",,Windham,"$16,754,283.00","$5,645,830.00","$422,495,113.00","$395,262,453.00","$22,655,048.00","$36,008,193.00","$898,820,920.00"
Windsor Locks,"$278,289.20","$168,791.17",,Windsor,"$224,937,720.00","$925,000.00","$1,897,000,734.00","$1,001,128,026.00","$4,244,030.00","$25,107,793.00","$3,153,343,303.00"
Wolcott,"$233,733.05","$150,875.91",,Windsor Locks,"$117,140,526.00","$706,500.00","$689,275,702.00","$385,380,790.00","$1,496,000.00","$18,228,250.00","$1,212,227,768.00"
Woodbridge,"$462,539.76","$301,825.05",,Wolcott,"$67,511,863.00","$270,000.00","$393,612,657.00","$667,833,016.00","$405,900.00","$5,374,257.00","$1,135,007,693.00"
Woodbury,"$332,512.24","$201,770.24",,Woodbridge,"$2,909,900.00","$275,000.00","$420,461,581.00","$773,757,227.00",,"$10,287,604.00","$1,207,691,312.00"
Woodstock,"$211,966.51","$132,017.21",,Woodbury,"$93,236,247.00","$450,000.00","$477,431,016.00","$606,717,569.00","$421,668.00","$3,492,000.00","$1,181,748,500.00"
Grand Total,"$398,617.94","$279,622.61",,Woodstock,"$18,795,549.17",,"$233,194,711.00","$407,837,085.85","$385,000.00","$2,183,000.00","$662,395,346.02"
,,,,Grand Total,"$35,648,832,390.00","$901,746,090.00","$176,478,822,026.67","$194,636,253,373.58","$3,306,298,567.68","$7,008,858,004.81","$417,980,810,452.74"
